"Season","Category","Rank","Rider_Name","Total_Points","Gap_To_Leader","Sprint_Points","Main_Race_Points"
"2026","MOTOGP","1","Jorge Martin","333","0","106","227"
"2026","MOTOGP","2","Marc Marquez","331","2","119","212"
"2026","MOTOGP","3","Marco Bezzecchi","284","49","67","204"
"2026","MOTOGP","4","Pedro Acosta","243","90","57","186"
"2026","MOTOGP","5","Ai Ogura","237","96","66","163"
"2026","MOTOGP","6","Fabio Di Giannantonio","230","103","61","144"
"2026","MOTOGP","7","Raul Fernandez","216","117","66","150"
"2026","MOTOGP","8","Francesco Bagnaia","164","169","60","88"
"2026","MOTOGP","9","Alex Marquez","158","175","57","101"
"2026","MOTOGP","10","Fermin Aldeguer","122","211","19","83"
"2026","MOTOGP","11","Enea Bastianini","116","217","20","96"
"2026","MOTOGP","12","Luca Marini","104","229","7","87"
"2026","MOTOGP","13","Brad Binder","99","234","12","78"
"2026","MOTOGP","14","Diogo Moreira","74","259","16","51"
"2026","MOTOGP","15","Fabio Quartararo","66","267","14","41"
"2026","MOTOGP","16","Franco Morbidelli","57","276","12","39"
"2026","MOTOGP","17","Johann Zarco","48","285","15","33"
"2026","MOTOGP","18","Joan Mir","33","300","10","20"
"2026","MOTOGP","19","Jack Miller","28","305","","27"
"2026","MOTOGP","20","Alex Rins","24","309","","22"
"2026","MOTOGP","21","Toprak Razgatlioglu","18","315","","18"
"2026","MOTOGP","22","Maverick Viñales","12","321","","7"
"2026","MOTOGP","23","Iker Lecuona","9","324","","9"
"2026","MOTOGP","24","Augusto Fernandez","6","327","","2"
"2026","MOTOGP","25","Pol Espargaro","5","328","","5"
"2026","MOTOGP","26","Somkiat Chantra","3","330","","3"
"2026","MOTOGP","27","Takaaki Nakagami","3","330","","3"
"2026","MOTOGP","28","Cal Crutchlow","0","333","",""
"2026","MOTOGP","29","Jonas Folger","0","333","",""
"2026","MOTOGP","30","Lorenzo Savadori","0","333","",""
"2026","MOTOGP","31","Michele Pirro","0","333","",""
"2026","MOTO2","1","Manuel Gonzalez","245.5","0","","233"
"2026","MOTO2","2","Izan Guevara","235","10.5","","225"
"2026","MOTO2","3","Ivan Ortola","181.5","64.0","","175"
"2026","MOTO2","4","David Alonso","166","79.5","","166"
"2026","MOTO2","5","Daniel Holgado","154","91.5","","146"
"2026","MOTO2","6","Senna Agius","152","93.5","","152"
"2026","MOTO2","7","Filip Salac","144","101.5","","144"
"2026","MOTO2","8","Celestino Vietti","133","112.5","","128"
"2026","MOTO2","9","Alonso Lopez","117.5","128.0","","113"
"2026","MOTO2","10","Collin Veijer","75.5","170.0","","70"
"2026","MOTO2","11","Tony Arbolino","75.5","170.0","","74"
"2026","MOTO2","12","Daniel Muñoz","72","173.5","","68"
"2026","MOTO2","13","Alex Escrig","63","182.5","","61"
"2026","MOTO2","14","Barry Baltus","60","185.5","","59"
"2026","MOTO2","15","Deniz öncü","47.5","198.0","","44"
"2026","MOTO2","16","Joe Roberts","44","201.5","","44"
"2026","MOTO2","17","Adrian Huertas","42","203.5","","42"
"2026","MOTO2","18","Jose Antonio Rueda","37","208.5","","37"
"2026","MOTO2","19","Luca Lunetta","23","222.5","","23"
"2026","MOTO2","20","Ayumu Sasaki","21","224.5","","18"
"2026","MOTO2","21","Alberto Ferrandez","17.5","228.0","","17"
"2026","MOTO2","22","Aron Canet","17.5","228.0","","15"
"2026","MOTO2","23","Taiyo Furusato","15","230.5","","15"
"2026","MOTO2","24","Zonta Vd Goorbergh","13","232.5","","13"
"2026","MOTO2","25","Sergio Garcia","11","234.5","","11"
"2026","MOTO2","26","Angel Piqueras","4","241.5","","4"
"2026","MOTO2","27","Mario Aji","3","242.5","","3"
"2026","MOTO2","28","Marcos Ramirez","0","245.5","",""
"2026","MOTO2","29","Xabi Zurutuza","0","245.5","",""
"2026","MOTO2","30","Unai Orradre","0","245.5","",""
"2026","MOTO2","31","Jorge Navarro","0","245.5","",""
"2026","MOTO2","32","Dennis Foggia","0","245.5","",""
"2026","MOTO2","33","Jacob Roulstone","0","245.5","",""
"2026","MOTO2","34","Milan Pawelec","0","245.5","",""
"2026","MOTO3","1","Maximo Quiles","326","0","","301"
"2026","MOTO3","2","David Almansa","199","127","","199"
"2026","MOTO3","3","Alvaro Carpe","191","135","","178"
"2026","MOTO3","4","Brian Uriarte","187","139","","181"
"2026","MOTO3","5","Marco Morelli","146","180","","126"
"2026","MOTO3","6","Valentin Perrone","120","206","","111"
"2026","MOTO3","7","Hakim Danish","105","221","","98"
"2026","MOTO3","8","Veda Pratama","105","221","","89"
"2026","MOTO3","9","Matteo Bertelle","96","230","","96"
"2026","MOTO3","10","Rico Salmela","81","245","","71"
"2026","MOTO3","11","Adrian Cruces","79","247","","75"
"2026","MOTO3","12","Guido Pini","70","256","","59"
"2026","MOTO3","13","Casey O'gorman","70","256","","62"
"2026","MOTO3","14","Joel Kelso","67","259","","62"
"2026","MOTO3","15","Joel Esteban","66","260","","66"
"2026","MOTO3","16","Eddie O'shea","65","261","","63"
"2026","MOTO3","17","Adrian Fernandez","62","264","","62"
"2026","MOTO3","18","David Muñoz","61","265","","61"
"2026","MOTO3","19","Jesus Rios","49","277","","49"
"2026","MOTO3","20","Ryusei Yamanaka","39","287","","36"
"2026","MOTO3","21","Scott Ogden","30","296","","30"
"2026","MOTO3","22","David Gonzalez","7","319","","7"
"2026","MOTO3","23","Marcos Uriarte","6","320","","6"
"2026","MOTO3","24","Cormac Buchanan","5","321","","5"
"2026","MOTO3","25","Leo Rammerstorfer","4","322","","4"
"2026","MOTO3","26","Zen Mitani","2","324","","1"
"2026","MOTO3","27","Ruche Moodley","1","325","","1"
"2026","MOTO3","28","Kiattisak Singhapong","1","325","","1"
"2026","MOTO3","29","Nicola Carraro","0","326","",""
"2026","MOTO3","30","Ryota Ogiwara","0","326","",""
"2026","MOTO3","31","Leonardo Abruzzo","0","326","",""
"2026","MOTO3","32","Eduardo Gutierrez","0","326","",""
"2026","SBK","1","Nicolo BULEGA","491","0","",""
"2026","SBK","2","Iker LECUONA","358","133","",""
"2026","SBK","3","Yari MONTELLA","211","280","",""
"2026","SBK","4","Alex LOWES","182","309","",""
"2026","SBK","5","Sam LOWES","177","314","",""
"2026","SBK","6","Axel BASSANI","153","338","",""
"2026","SBK","7","Lorenzo BALDASSARRI","145","346","",""
"2026","SBK","8","Garrett GERLOFF","110","381","",""
"2026","SBK","9","Alvaro BAUTISTA","107","384","",""
"2026","SBK","10","Miguel OLIVEIRA","106","385","",""
"2026","SBK","11","Andrea LOCATELLI","99","392","",""
"2026","SBK","12","Alberto SURRA","95","396","",""
"2026","SBK","13","Tarran MACKENZIE","81","410","",""
"2026","SBK","14","Xavi VIERGE","80","411","",""
"2026","SBK","15","Thomas BRIDEWELL","59","432","",""
"2026","SBK","16","Danilo PETRUCCI","48","443","",""
"2026","SBK","17","Remy GARDNER","45","446","",""
"2026","SBK","18","Stefano MANZI","34","457","",""
"2026","SBK","19","Michael VAN DER MARK","23","468","",""
"2026","SBK","20","Somkiat CHANTRA","8","483","",""
"2026","SBK","21","Tetsuta NAGASHIMA","7","484","",""
"2026","SBK","22","Jonathan REA","6","485","",""
"2026","SBK","23","Bahattin SOFUOGLU","4","487","",""
"2026","SBK","24","Mattia RATO","2","489","",""
"2026","SBK","25","Ryan VICKERS","1","490","",""
"2026","F1","1","Andrea Kimi Antonelli","320","0","",""
"2026","F1","2","George Russell","236","84","",""
"2026","F1","3","Lewis Hamilton","214","106","",""
"2026","F1","4","Charles Leclerc","191","129","",""
"2026","F1","5","Lando Norris","188","132","",""
"2026","F1","6","Max Verstappen","188","132","",""
"2026","F1","7","Oscar Piastri","128","192","",""
"2026","F1","8","Isack Hadjar","96","224","",""
"2026","F1","9","Liam Lawson","65","255","",""
"2026","F1","10","Pierre Gasly","41","279","",""
"2026","F1","11","Arvid Lindblad","38","282","",""
"2026","F1","12","Franco Colapinto","27","293","",""
"2026","F1","13","Oliver Bearman","20","300","",""
"2026","F1","14","Gabriel Bortoleto","10","310","",""
"2026","F1","15","Nico Hülkenberg","7","313","",""
"2026","F1","16","Esteban Ocon","7","313","",""
"2026","F1","17","Fernando Alonso","7","313","",""
"2026","F1","18","Carlos Sainz","7","313","",""
"2026","F1","19","Alexander Albon","5","315","",""
"2026","F1","20","Yuki Tsunoda","1","319","",""
"2026","F1","21","Lance Stroll","0","320","",""
"2026","F1","22","Valtteri Bottas","0","320","",""
"2026","F1","23","Sergio Pérez","0","320","",""
"2026","MXGP","1","Jeffrey Herlings","973","0","",""
"2026","MXGP","2","Romain Febvre","805","168","",""
"2026","MXGP","3","Tim Gajser","659","314","",""
"2026","MXGP","4","Tom Vialle","641","332","",""
"2026","MXGP","5","Andrea Adamo","637","336","",""
"2026","MXGP","6","Lucas Coenen","566","407","",""
"2026","MXGP","7","Ruben Fernandez","523","450","",""
"2026","MXGP","8","Maxime Renaux","449","524","",""
"2026","MXGP","9","Pauls Jonass","438","535","",""
"2026","MXGP","10","Kay de Wolf","428","545","",""
"2026","MXGP","11","Calvin Vlaanderen","368","605","",""
"2026","MXGP","12","Jan Pancar","338","635","",""
"2026","MXGP","13","Kevin Horgmo","303","670","",""
"2026","MXGP","14","Jago Geerts","248","725","",""
"2026","MXGP","15","Alberto Forato","221","752","",""
"2026","MXGP","16","Oriol Oliver","187","786","",""
"2026","MXGP","17","Jeremy Seewer","171","802","",""
"2026","MXGP","18","Ben Watson","151","822","",""
"2026","MXGP","19","Brent Van doninck","146","827","",""
"2026","MXGP","20","Roan Van De Moosdijk","117","856","",""
"2026","MXGP","21","Isak Gifting","88","885","",""
"2026","MXGP","22","Rick Elzinga","88","885","",""
"2026","MXGP","23","Andrea Bonacorsi","80","893","",""
"2026","MXGP","24","Mattia Guadagnini","69","904","",""
"2026","MXGP","25","Jorgen-Matthias Talviku","62","911","",""
"2026","MXGP","26","Maximilian Spies","57","916","",""
"2026","MXGP","27","Kevin Brumann","54","919","",""
"2026","MXGP","28","Ivo Monticelli","47","926","",""
"2026","MXGP","29","Dylan Walsh","45","928","",""
"2026","MXGP","30","Thibault Benistant","40","933","",""
"2026","MXGP","31","Glenn Coldenhoff","39","934","",""
"2026","MXGP","32","Tom Koch","29","944","",""
"2026","MXGP","33","Adam Sterry","29","944","",""
"2026","MXGP","34","Brian Hsu","22","951","",""
"2026","MXGP","35","Levi Rogers","19","954","",""
"2026","MXGP","36","Ryley Fitzpatrick","17","956","",""
"2026","MXGP","37","Noah Ludwig","16","957","",""
"2026","MXGP","38","Romain Pape","16","957","",""
"2026","MXGP","39","Riga Wu","15","958","",""
"2026","MXGP","40","Yuzhang Li","15","958","",""
"2026","MXGP","41","Cooper Holroyd","14","959","",""
"2026","MXGP","42","Taylor Hammal","10","963","",""
"2026","MXGP","43","Cato Nickel","10","963","",""
"2026","MXGP","44","Yigit Ali Selek","10","963","",""
"2026","MXGP","45","Rhys Budd","7","966","",""
"2026","MXGP","46","Enzo Lopes","7","966","",""
"2026","MXGP","47","Alvin Östlund","7","966","",""
"2026","MXGP","48","Nicholas Lapucci","6","967","",""
"2026","MXGP","49","Souya Nakajima","5","968","",""
"2026","MXGP","50","Jose Butron","5","968","",""
"2026","MXGP","51","Jere Haavisto","5","968","",""
"2026","MXGP","52","Cameron Anthony Durow","5","968","",""
"2026","MXGP","53","Joaquin Poli","5","968","",""
"2026","MXGP","54","Slade Smith","4","969","",""
"2026","MXGP","55","Markuss Kokins","4","969","",""
"2026","MXGP","56","Lars van Berkel","4","969","",""
"2026","MXGP","57","Benoit Paturel","3","970","",""
"2026","MXGP","58","Tristan Purdon","3","970","",""
"2026","MXGP","59","Cedric Soubeyras","3","970","",""
"2026","MXGP","60","Jakub Teresak","3","970","",""
"2026","MXGP","61","Arnaud Tonus","2","971","",""
"2026","MXGP","62","Matthew Malan","2","971","",""
"2026","MXGP","63","Victor Alonso","2","971","",""
"2026","MXGP","64","Boris Blanken","2","971","",""
"2026","MXGP","65","Jayden Proctor","2","971","",""
"2026","MXGP","66","Erki Kahro","2","971","",""
"2026","MXGP","67","Olle Martensson","2","971","",""
"2026","MXGP","68","Ander Valentin","1","972","",""
"2026","MXGP","69","Filip Olsson","1","972","",""
"2026","MXGP","70","Bogdan Krajewski","1","972","",""
"2026","MXGP","71","Tom Grimshaw","1","972","",""
"2026","MX2","1","Guillem Farres","904","0","",""
"2026","MX2","2","Camden McLellan","868","36","",""
"2026","MX2","3","Sacha Coenen","814","90","",""
"2026","MX2","4","Liam Everts","795","109","",""
"2026","MX2","5","Simon Längenfelder","768","136","",""
"2026","MX2","6","Janis Martins Reisulis","691","213","",""
"2026","MX2","7","Karlis Alberts Reisulis","555","349","",""
"2026","MX2","8","Valerio Lata","414","490","",""
"2026","MX2","9","Julius Mikula","401","503","",""
"2026","MX2","10","Kay Karssemakers","388","516","",""
"2026","MX2","11","Maxime Grau","354","550","",""
"2026","MX2","12","Mathis Valin","352","552","",""
"2026","MX2","13","Noel Zanocz","237","667","",""
"2026","MX2","14","Ferruccio Zanchi","172","732","",""
"2026","MX2","15","Jens Walvoort","168","736","",""
"2026","MX2","16","Scott Smulders","138","766","",""
"2026","MX2","17","Andrea Rossi","112","792","",""
"2026","MX2","18","Cas Valk","87","817","",""
"2026","MX2","19","Ollie Colmer","79","825","",""
"2026","MX2","20","Pelle Gundersen","70","834","",""
"2026","MX2","21","Byron Dennis","61","843","",""
"2026","MX2","22","Alessandro Gaspari","51","853","",""
"2026","MX2","23","Alve Callemo","45","859","",""
"2026","MX2","24","Gyan Doensen","40","864","",""
"2026","MX2","25","Valentin Kees","38","866","",""
"2026","MX2","26","Ben Mustoe","37","867","",""
"2026","MX2","27","Nike Korsbeck","37","867","",""
"2026","MX2","28","Rodolfo Bicalho","35","869","",""
"2026","MX2","29","Brian Gyles","32","872","",""
"2026","MX2","30","Simone Mancini","27","877","",""
"2026","MX2","31","Francisco Garcia","25","879","",""
"2026","MX2","32","Hugo Forsgren","25","879","",""
"2026","MX2","33","Luca Ruffini","23","881","",""
"2026","MX2","34","Deacon Paice","20","884","",""
"2026","MX2","35","William Askew","20","884","",""
"2026","MX2","36","Adria Monne","20","884","",""
"2026","MX2","37","Joshua Voelker","19","885","",""
"2026","MX2","38","Manuel Carreras","18","886","",""
"2026","MX2","39","Benjamin Garib","18","886","",""
"2026","MX2","40","Francesco Bellei","18","886","",""
"2026","MX2","41","Riley BURGESS","17","887","",""
"2026","MX2","42","Tommaso Lodi","17","887","",""
"2026","MX2","43","Morgan Bennati","17","887","",""
"2026","MX2","44","Thomas O&#39;NEILL","15","889","",""
"2026","MX2","45","Trey Cox","14","890","",""
"2026","MX2","46","Remo Schudel","14","890","",""
"2026","MX2","47","Jinyu Yang","13","891","",""
"2026","MX2","48","Italo Medina","13","891","",""
"2026","MX2","49","Noah Ludwig","12","892","",""
"2026","MX2","50","Jake Cannon","12","892","",""
"2026","MX2","51","Brando Polato","12","892","",""
"2026","MX2","52","Jordan van Wyk","12","892","",""
"2026","MX2","53","Valentino Vazquez","11","893","",""
"2026","MX2","54","Joe Brookes","10","894","",""
"2026","MX2","55","Carlos Andres Padilla Duran","10","894","",""
"2026","MX2","56","Nicolai Skovbjerg","10","894","",""
"2026","MX2","57","Junior Bal","9","895","",""
"2026","MX2","58","Jaka Peklaj","9","895","",""
"2026","MX2","59","David Braceras","8","896","",""
"2026","MX2","60","Riley Rocher","8","896","",""
"2026","MX2","61","Felipe Quirno Costa","8","896","",""
"2026","MX2","62","Samuel Oechslin","8","896","",""
"2026","MX2","63","Sandro Sools","8","896","",""
"2026","MX2","64","Charlie Richmond","8","896","",""
"2026","MX2","65","Lotte Van Drunen","8","896","",""
"2026","MX2","66","Alessandro Traversini","7","897","",""
"2026","MX2","67","Juan Felipe Garcia","7","897","",""
"2026","MX2","68","Tristan Durow","6","898","",""
"2026","MX2","69","Miguel Rojas","6","898","",""
"2026","MX2","70","Ledi Wang","5","899","",""
"2026","MX2","71","Aiden Henley","5","899","",""
"2026","MX2","72","Alfonso Bratschi","5","899","",""
"2026","MX2","73","Martin Ashton","5","899","",""
"2026","MX2","74","Sebastian Sundman","5","899","",""
"2026","MX2","75","Thomas Oechslin","4","900","",""
"2026","MX2","76","Jan Krug","4","900","",""
"2026","MX2","77","Luke John Grundy","4","900","",""
"2026","MX2","78","Rodrigo Stuardo","4","900","",""
"2026","MX2","79","Ben Almagor","4","900","",""
"2026","MX2","80","Petr Rathousky","4","900","",""
"2026","MX2","81","Douwe Van Mechgelen","3","901","",""
"2026","MX2","82","Jose Morera","3","901","",""
"2026","MX2","83","Thor Johnson","2","902","",""
"2026","MX2","84","Manuel Torrado","2","902","",""
"2026","MX2","85","Damian Zdunek","1","903","",""
